resid,resCavID
GLU_B_341,GLU_B_328
LEU_B_343,LEU_B_330
GLU_A_87,GLU_A_249
GLY_B_214,GLY_B_192
ASN_A_30,ASN_A_183
GLY_B_268,GLY_B_255
TYR_B_185,TYR_B_163
ASP_A_158,ASP_A_320
LEU_B_324,LEU_B_311
GLN_A_104,GLN_A_266
LEU_A_19,LEU_A_172
GLU_B_349,GLU_B_336
ARG_A_67,ARG_A_220
ALA_B_313,ALA_B_300
ASP_A_139,ASP_A_301
ALA_A_115,ALA_A_277
LEU_A_137,LEU_A_299
SER_A_60,SER_A_213
LEU_A_85,LEU_A_247
LEU_A_123,LEU_A_285
MET_A_61,MET_A_214
LYS_B_302,LYS_B_289
LEU_A_36,LEU_A_189
SER_B_293,SER_B_280
GLN_A_43,GLN_A_196
SER_A_113,SER_A_275
PRO_A_20,PRO_A_173
GLN_A_74,GLN_A_227
SER_B_184,SER_B_162
LEU_A_149,LEU_A_311
ASN_B_205,ASN_B_183
GLN_B_249,GLN_B_227
VAL_A_2,VAL_A_155
ARG_B_200,ARG_B_178
GLN_A_111,GLN_A_273
TYR_B_327,TYR_B_314
GLN_B_198,GLN_B_176
ALA_A_62,ALA_A_215
ALA_A_156,ALA_A_318
SER_B_334,SER_B_321
ASN_B_240,ASN_B_218
GLU_B_196,GLU_B_174
ALA_B_275,ALA_B_262
THR_A_94,THR_A_256
LEU_B_224,LEU_B_202
ARG_B_213,ARG_B_191
ALA_A_140,ALA_A_302
GLN_B_279,GLN_B_266
LEU_B_312,LEU_B_299
ASN_B_233,ASN_B_211
CYS_B_305,CYS_B_292
GLY_A_54,GLY_A_207
PRO_B_330,PRO_B_317
ALA_A_100,ALA_A_262
LEU_B_194,LEU_B_172
ARG_A_16,ARG_A_169
LEU_A_163,LEU_A_325
GLU_A_175,GLU_A_337
LYS_B_246,LYS_B_224
GLY_A_116,GLY_A_278
LEU_A_6,LEU_A_159
TYR_A_14,TYR_A_167
SER_B_256,SER_B_243
TYR_A_99,TYR_A_261
TYR_B_186,TYR_B_164
GLU_B_273,GLU_B_260
MET_B_236,MET_B_214
ALA_A_40,ALA_A_193
TYR_B_258,TYR_B_245
GLN_A_23,GLN_A_176
SER_A_81,SER_A_243
PHE_B_336,PHE_B_323
GLN_A_153,GLN_A_315
ARG_A_38,ARG_A_191
ASP_B_232,ASP_B_210
ASP_A_121,ASP_A_283
GLN_A_165,GLN_A_327
PRO_B_225,PRO_B_203
TYR_A_46,TYR_A_199
CYS_A_147,CYS_A_309
VAL_B_216,VAL_B_194
SER_B_285,SER_B_272
ARG_A_131,ARG_A_293
PHE_A_107,PHE_A_269
ARG_B_202,ARG_B_180
PHE_A_129,PHE_A_291
TRP_A_8,TRP_A_161
PRO_A_141,PRO_A_303
THR_B_307,THR_B_294
LEU_A_97,LEU_A_259
LEU_A_103,LEU_A_265
LEU_A_37,LEU_A_190
THR_B_280,THR_B_267
ASN_A_35,ASN_A_188
ILE_A_136,ILE_A_298
PRO_A_50,PRO_A_203
CYS_A_95,CYS_A_257
ARG_A_91,ARG_A_253
SER_A_110,SER_A_272
GLY_B_188,GLY_B_166
SER_B_254,SER_B_241
PRO_B_316,PRO_B_303
TYR_B_253,TYR_B_240
GLY_B_180,GLY_B_158
LEU_B_247,LEU_B_225
SER_A_42,SER_A_195
SER_A_9,SER_A_162
VAL_A_55,VAL_A_208
ALA_B_215,ALA_B_193
ASP_B_227,ASP_B_205
GLN_A_125,GLN_A_287
ARG_B_294,ARG_B_281
ASP_A_63,ASP_A_216
PRO_B_231,PRO_B_209
ASP_B_238,ASP_B_216
GLU_B_309,GLU_B_296
THR_A_132,THR_A_294
LEU_A_51,LEU_A_204
GLN_B_348,GLN_B_335
TYR_B_287,TYR_B_274
TYR_A_10,TYR_A_163
MET_A_109,MET_A_271
CYS_A_53,CYS_A_206
ASN_B_255,ASN_B_242
CYS_B_270,CYS_B_257
LEU_A_171,LEU_A_333
ASP_B_314,ASP_B_301
ARG_B_242,ARG_B_220
GLU_B_350,GLU_B_337
TYR_A_78,TYR_A_240
CYS_B_322,CYS_B_309
PRO_B_277,PRO_B_264
LEU_B_197,LEU_B_175
ALA_B_182,ALA_B_160
VAL_B_342,VAL_B_329
GLU_A_21,GLU_A_174
ASP_B_250,ASP_B_237
SER_A_143,SER_A_305
ALA_A_92,ALA_A_254
VAL_B_230,VAL_B_208
ASP_B_332,ASP_B_319
GLU_A_166,GLU_A_328
ALA_A_126,ALA_A_288
THR_B_203,THR_B_181
TYR_A_152,TYR_A_314
ILE_B_311,ILE_B_298
GLN_A_144,GLN_A_306
LEU_B_281,LEU_B_268
ALA_B_331,ALA_B_318
LEU_A_45,LEU_A_198
LEU_B_260,LEU_B_247
ILE_A_12,ILE_A_165
ASN_B_209,ASN_B_187
ALA_A_138,ALA_A_300
LEU_B_303,LEU_B_290
GLN_A_31,GLN_A_184
HIS_A_170,HIS_A_332
GLU_B_299,GLU_B_286
TYR_B_208,TYR_B_186
HIS_B_207,HIS_B_185
ARG_B_191,ARG_B_169
SER_A_160,SER_A_322
SER_A_164,SER_A_326
ALA_B_301,ALA_B_288
PHE_B_292,PHE_B_279
PHE_A_161,PHE_A_323
TYR_A_112,TYR_A_274
ASP_B_245,ASP_B_223
ARG_B_347,ARG_B_334
PHE_B_304,PHE_B_291
VAL_B_252,VAL_B_239
ALA_B_267,ALA_B_254
LEU_B_278,LEU_B_265
PRO_A_64,PRO_A_217
GLY_A_13,GLY_A_166
ALA_B_237,ALA_B_215
HIS_A_32,HIS_A_185
ALA_B_283,ALA_B_270
GLU_A_84,GLU_A_246
GLY_A_93,GLY_A_255
GLU_A_134,GLU_A_296
GLY_B_291,GLY_B_278
ARG_A_119,ARG_A_281
PHE_B_243,PHE_B_221
THR_B_269,THR_B_256
VAL_A_41,VAL_A_194
VAL_A_96,VAL_A_258
LEU_A_59,LEU_A_212
PRO_B_248,PRO_B_226
GLU_B_329,GLU_B_316
ILE_B_241,ILE_B_219
ILE_B_325,ILE_B_312
ILE_B_222,ILE_B_200
ASP_A_52,ASP_A_205
ARG_A_148,ARG_A_310
ILE_B_257,ILE_B_244
LEU_B_190,LEU_B_168
ILE_B_201,ILE_B_179
ASP_A_75,ASP_A_237
ASN_B_263,ASN_B_250
ILE_B_193,ILE_B_171
GLY_B_264,GLY_B_251
GLU_A_142,GLU_A_304
ALA_A_3,ALA_A_156
GLN_A_90,GLN_A_252
THR_A_105,THR_A_267
TYR_A_83,TYR_A_245
ARG_B_344,ARG_B_331
GLU_A_154,GLU_A_316
ARG_A_172,ARG_A_334
HIS_A_4,HIS_A_157
SER_A_118,SER_A_280
PRO_B_239,PRO_B_217
LEU_B_244,LEU_B_222
LEU_A_17,LEU_A_170
THR_A_28,THR_A_181
GLY_A_5,GLY_A_158
LEU_B_298,LEU_B_285
ARG_B_219,ARG_B_197
LEU_B_192,LEU_B_170
GLN_B_286,GLN_B_273
GLY_B_229,GLY_B_207
TYR_B_204,TYR_B_182
PRO_B_195,PRO_B_173
TYR_A_29,TYR_A_182
LEU_B_308,LEU_B_295
HIS_B_345,HIS_B_332
SER_B_337,SER_B_324
VAL_A_167,VAL_A_329
SER_B_217,SER_B_195
ASP_A_70,ASP_A_223
ASN_A_65,ASN_A_218
ALA_B_315,ALA_B_302
LEU_A_69,LEU_A_222
TYR_B_221,TYR_B_199
ASN_A_80,ASN_A_242
SER_A_79,SER_A_241
LEU_B_234,LEU_B_212
ASN_B_321,ASN_B_308
ASN_B_210,ASN_B_188
ILE_A_47,ILE_A_200
PRO_A_102,PRO_A_264
SER_A_162,SER_A_324
ASN_B_320,ASN_B_307
ILE_A_18,ILE_A_171
ARG_B_323,ARG_B_310
ASP_B_333,ASP_B_320
ALA_B_178,ALA_B_156
PHE_A_68,PHE_A_221
LEU_A_168,LEU_A_330
LEU_A_106,LEU_A_268
GLU_A_124,GLU_A_286
THR_B_276,THR_B_263
VAL_B_271,VAL_B_258
ALA_A_151,ALA_A_313
ALA_B_199,ALA_B_177
GLN_B_218,GLN_B_196
GLN_B_319,GLN_B_306
LEU_A_48,LEU_A_201
ASN_A_58,ASN_A_211
ASP_A_157,ASP_A_319
LEU_B_338,LEU_B_325
ARG_B_297,ARG_B_284
PHE_A_117,PHE_A_279
GLN_B_340,GLN_B_327
SER_A_159,SER_A_321
GLU_B_259,GLU_B_246
LEU_A_72,LEU_A_225
HIS_B_179,HIS_B_157
ARG_A_122,ARG_A_284
LEU_A_49,LEU_A_202
GLN_B_289,GLN_B_276
ARG_A_25,ARG_A_178
ARG_A_44,ARG_A_197
LEU_A_15,LEU_A_168
GLU_A_120,GLU_A_282
LEU_B_346,LEU_B_333
ARG_B_266,ARG_B_253
LEU_B_261,LEU_B_248
SER_B_339,SER_B_326
LEU_B_212,LEU_B_190
SER_B_176,SER_B_154
MET_B_284,MET_B_271
SER_A_1,SER_A_154
THR_A_101,THR_A_263
ARG_B_251,ARG_B_238
GLN_B_206,GLN_B_184
LEU_B_272,LEU_B_259
LEU_B_220,LEU_B_198
GLU_B_317,GLU_B_304
LYS_A_71,LYS_A_224
LEU_A_128,LEU_A_290
SER_B_335,SER_B_322
GLN_B_265,GLN_B_252
TYR_A_11,TYR_A_164
SER_B_235,SER_B_213
ALA_B_326,ALA_B_313
GLN_A_173,GLN_A_335
LEU_A_133,LEU_A_295
ALA_A_108,ALA_A_270
ASP_B_296,ASP_B_283
GLU_A_174,GLU_A_336
ARG_B_306,ARG_B_293
ASN_A_146,ASN_A_308
ILE_A_82,ILE_A_244
ASP_A_57,ASP_A_210
ASN_A_34,ASN_A_187
ALA_B_290,ALA_B_277
GLU_B_295,GLU_B_282
PRO_A_56,PRO_A_209
GLU_B_262,GLU_B_249
LEU_A_22,LEU_A_175
GLN_B_328,GLN_B_315
LEU_A_86,LEU_A_248
PHE_B_282,PHE_B_269
SER_B_288,SER_B_275
GLY_A_89,GLY_A_251
ARG_A_27,ARG_A_180
GLN_B_300,GLN_B_287
LEU_B_223,LEU_B_201
TYR_B_189,TYR_B_167
LEU_B_211,LEU_B_189
TYR_B_274,TYR_B_261
ASN_A_145,ASN_A_307
VAL_A_77,VAL_A_239
ILE_A_150,ILE_A_312
GLU_A_98,GLU_A_260
ILE_A_26,ILE_A_179
ASP_B_310,ASP_B_297
PRO_A_155,PRO_A_317
TYR_A_33,TYR_A_186
VAL_B_177,VAL_B_155
ALA_A_24,ALA_A_177
TRP_B_183,TRP_B_161
CYS_A_130,CYS_A_292
GLY_A_39,GLY_A_192
LYS_A_127,LYS_A_289
ARG_A_169,ARG_A_331
ASP_A_135,ASP_A_297
ILE_A_66,ILE_A_219
GLN_A_114,GLN_A_276
ARG_A_76,ARG_A_238
PRO_A_73,PRO_A_226
LEU_B_181,LEU_B_159
SER_B_318,SER_B_305
ASN_A_88,ASN_A_250
CYS_B_228,CYS_B_206
LEU_B_226,LEU_B_204
ALA_A_7,ALA_A_160
ILE_B_187,ILE_B_165
