resid,resCavID
SER_A_118,SER_A_280
VAL_B_342,VAL_B_329
GLN_A_111,GLN_A_273
SER_B_235,SER_B_213
PRO_A_141,PRO_A_303
ASP_B_245,ASP_B_223
LEU_B_261,LEU_B_248
LEU_B_272,LEU_B_259
GLU_A_154,GLU_A_316
LEU_A_106,LEU_A_268
TYR_A_78,TYR_A_240
VAL_A_55,VAL_A_208
GLU_B_262,GLU_B_249
MET_A_109,MET_A_271
LEU_A_137,LEU_A_299
SER_B_337,SER_B_324
GLN_B_206,GLN_B_184
LEU_A_36,LEU_A_189
ALA_B_283,ALA_B_270
HIS_B_207,HIS_B_185
GLY_A_89,GLY_A_251
GLN_A_43,GLN_A_196
ILE_A_150,ILE_A_312
SER_B_335,SER_B_322
SER_A_159,SER_A_321
ARG_B_323,ARG_B_310
ILE_A_18,ILE_A_171
LEU_B_308,LEU_B_295
ASN_A_34,ASN_A_187
LEU_B_212,LEU_B_190
PHE_B_336,PHE_B_323
ARG_B_266,ARG_B_253
ALA_A_3,ALA_A_156
ALA_B_331,ALA_B_318
LEU_A_37,LEU_A_190
ASN_B_255,ASN_B_242
ASP_A_70,ASP_A_223
ARG_B_297,ARG_B_284
THR_A_94,THR_A_256
LEU_A_103,LEU_A_265
VAL_A_167,VAL_A_329
GLU_A_98,GLU_A_260
CYS_A_130,CYS_A_292
LEU_A_15,LEU_A_168
GLY_B_291,GLY_B_278
LEU_B_312,LEU_B_299
SER_A_42,SER_A_195
GLN_A_125,GLN_A_287
ARG_A_131,ARG_A_293
GLY_B_214,GLY_B_192
LEU_A_45,LEU_A_198
LEU_A_123,LEU_A_285
ARG_B_202,ARG_B_180
GLU_B_309,GLU_B_296
THR_B_307,THR_B_294
THR_B_276,THR_B_263
GLN_A_114,GLN_A_276
ARG_A_27,ARG_A_180
ASP_B_314,ASP_B_301
LEU_A_49,LEU_A_202
GLU_B_329,GLU_B_316
SER_B_339,SER_B_326
ARG_A_25,ARG_A_178
ALA_B_237,ALA_B_215
TYR_A_83,TYR_A_245
VAL_A_41,VAL_A_194
ILE_B_201,ILE_B_179
CYS_B_305,CYS_B_292
ALA_A_151,ALA_A_313
GLY_B_180,GLY_B_158
ASP_B_310,ASP_B_297
GLU_A_84,GLU_A_246
ASN_A_80,ASN_A_242
LEU_B_346,LEU_B_333
LEU_B_194,LEU_B_172
GLU_A_134,GLU_A_296
ILE_B_311,ILE_B_298
PHE_A_117,PHE_A_279
ASP_A_135,ASP_A_297
ALA_A_100,ALA_A_262
GLN_A_173,GLN_A_335
GLN_B_319,GLN_B_306
THR_A_132,THR_A_294
LEU_B_181,LEU_B_159
ILE_A_82,ILE_A_244
GLU_B_273,GLU_B_260
PRO_B_277,PRO_B_264
ALA_B_199,ALA_B_177
LEU_A_6,LEU_A_159
GLN_B_286,GLN_B_273
TYR_A_112,TYR_A_274
ALA_A_156,ALA_A_318
TYR_B_208,TYR_B_186
LEU_A_168,LEU_A_330
LEU_B_244,LEU_B_222
GLN_A_165,GLN_A_327
LEU_B_226,LEU_B_204
ILE_B_193,ILE_B_171
ARG_B_213,ARG_B_191
ARG_A_172,ARG_A_334
LEU_A_86,LEU_A_248
GLY_A_13,GLY_A_166
ASP_A_139,ASP_A_301
LEU_A_72,LEU_A_225
PRO_A_155,PRO_A_317
TYR_B_274,TYR_B_261
ALA_B_301,ALA_B_288
GLU_B_295,GLU_B_282
GLN_B_265,GLN_B_252
LEU_B_211,LEU_B_189
SER_A_81,SER_A_243
PRO_B_239,PRO_B_217
LEU_A_85,LEU_A_247
ARG_A_67,ARG_A_220
SER_B_256,SER_B_243
ALA_A_62,ALA_A_215
ARG_A_148,ARG_A_310
HIS_A_170,HIS_A_332
GLN_B_340,GLN_B_327
ILE_A_66,ILE_A_219
HIS_A_4,HIS_A_157
GLN_B_289,GLN_B_276
GLU_B_341,GLU_B_328
SER_B_318,SER_B_305
PHE_A_161,PHE_A_323
THR_A_105,THR_A_267
ALA_A_24,ALA_A_177
THR_A_28,THR_A_181
ARG_B_306,ARG_B_293
PRO_B_316,PRO_B_303
ASP_A_52,ASP_A_205
GLU_A_142,GLU_A_304
GLY_A_116,GLY_A_278
ASN_B_205,ASN_B_183
GLU_B_350,GLU_B_337
GLN_B_348,GLN_B_335
TYR_A_14,TYR_A_167
ILE_A_136,ILE_A_298
VAL_B_230,VAL_B_208
TYR_A_11,TYR_A_164
GLN_A_90,GLN_A_252
ARG_A_119,ARG_A_281
PRO_A_56,PRO_A_209
SER_B_176,SER_B_154
LYS_B_302,LYS_B_289
TYR_A_29,TYR_A_182
THR_A_101,THR_A_263
PRO_A_20,PRO_A_173
VAL_B_216,VAL_B_194
SER_A_160,SER_A_322
ALA_B_326,ALA_B_313
PHE_A_68,PHE_A_221
LEU_A_69,LEU_A_222
GLU_A_120,GLU_A_282
ALA_A_92,ALA_A_254
PRO_B_195,PRO_B_173
ARG_A_16,ARG_A_169
SER_B_293,SER_B_280
LEU_A_17,LEU_A_170
ASN_A_30,ASN_A_183
ASP_B_333,ASP_B_320
THR_B_203,THR_B_181
ARG_A_169,ARG_A_331
ALA_A_115,ALA_A_277
LEU_B_234,LEU_B_212
GLU_A_174,GLU_A_336
ALA_B_215,ALA_B_193
GLY_A_54,GLY_A_207
LEU_A_22,LEU_A_175
LEU_B_224,LEU_B_202
ASN_B_263,ASN_B_250
TYR_B_258,TYR_B_245
ARG_B_347,ARG_B_334
LEU_B_223,LEU_B_201
SER_A_162,SER_A_324
GLU_B_259,GLU_B_246
PHE_A_107,PHE_A_269
ARG_A_76,ARG_A_238
GLU_A_175,GLU_A_337
ALA_B_275,ALA_B_262
LYS_B_246,LYS_B_224
HIS_B_179,HIS_B_157
PRO_A_50,PRO_A_203
TYR_B_327,TYR_B_314
SER_A_113,SER_A_275
ALA_A_140,ALA_A_302
ASP_B_238,ASP_B_216
LEU_A_48,LEU_A_201
PRO_A_73,PRO_A_226
ASP_B_332,ASP_B_319
ALA_A_138,ALA_A_300
GLN_B_279,GLN_B_266
ASP_A_121,ASP_A_283
ASP_A_158,ASP_A_320
GLY_B_229,GLY_B_207
ARG_B_251,ARG_B_238
GLY_A_93,GLY_A_255
SER_B_288,SER_B_275
GLU_B_299,GLU_B_286
SER_A_79,SER_A_241
ILE_A_12,ILE_A_165
ASN_A_65,ASN_A_218
LEU_A_163,LEU_A_325
ASP_B_296,ASP_B_283
SER_A_110,SER_A_272
HIS_A_32,HIS_A_185
GLN_B_198,GLN_B_176
ILE_A_26,ILE_A_179
TYR_A_33,TYR_A_186
GLN_B_328,GLN_B_315
TYR_B_287,TYR_B_274
CYS_B_270,CYS_B_257
SER_A_60,SER_A_213
LEU_A_149,LEU_A_311
ILE_B_222,ILE_B_200
TYR_B_186,TYR_B_164
SER_B_184,SER_B_162
TYR_B_185,TYR_B_163
PRO_A_64,PRO_A_217
THR_B_280,THR_B_267
GLY_B_188,GLY_B_166
GLN_A_31,GLN_A_184
ILE_B_257,ILE_B_244
SER_A_164,SER_A_326
GLN_A_23,GLN_A_176
ALA_B_182,ALA_B_160
MET_B_236,MET_B_214
CYS_A_53,CYS_A_206
LEU_B_278,LEU_B_265
GLU_A_21,GLU_A_174
ARG_B_344,ARG_B_331
ILE_B_241,ILE_B_219
GLU_B_196,GLU_B_174
GLN_B_218,GLN_B_196
TYR_B_189,TYR_B_167
VAL_B_271,VAL_B_258
LEU_B_197,LEU_B_175
VAL_A_77,VAL_A_239
SER_A_143,SER_A_305
GLN_B_300,GLN_B_287
ASN_A_58,ASN_A_211
ASN_B_209,ASN_B_187
ALA_B_315,ALA_B_302
TYR_A_10,TYR_A_163
SER_B_254,SER_B_241
PRO_B_330,PRO_B_317
ALA_B_313,ALA_B_300
ARG_B_200,ARG_B_178
ASP_B_250,ASP_B_237
TRP_B_183,TRP_B_161
ARG_B_219,ARG_B_197
ARG_B_242,ARG_B_220
ALA_A_40,ALA_A_193
CYS_B_228,CYS_B_206
ASN_B_320,ASN_B_307
LEU_B_338,LEU_B_325
CYS_A_147,CYS_A_309
LEU_B_298,LEU_B_285
LEU_B_324,LEU_B_311
ILE_B_325,ILE_B_312
VAL_A_96,VAL_A_258
LEU_A_133,LEU_A_295
GLY_A_39,GLY_A_192
GLU_A_166,GLU_A_328
GLU_B_349,GLU_B_336
ASN_B_321,ASN_B_308
ASP_A_157,ASP_A_319
ASN_A_146,ASN_A_308
ALA_A_7,ALA_A_160
LEU_B_192,LEU_B_170
GLY_A_5,GLY_A_158
MET_A_61,MET_A_214
GLN_A_104,GLN_A_266
PRO_A_102,PRO_A_264
LYS_A_127,LYS_A_289
LEU_A_171,LEU_A_333
TYR_B_204,TYR_B_182
GLN_B_249,GLN_B_227
SER_A_1,SER_A_154
GLY_B_268,GLY_B_255
CYS_B_322,CYS_B_309
ASP_A_57,ASP_A_210
ILE_A_47,ILE_A_200
ALA_B_178,ALA_B_156
GLN_A_74,GLN_A_227
GLN_A_144,GLN_A_306
VAL_B_177,VAL_B_155
LEU_B_247,LEU_B_225
VAL_A_2,VAL_A_155
LYS_A_71,LYS_A_224
PHE_B_304,PHE_B_291
ASP_A_75,ASP_A_237
ILE_B_187,ILE_B_165
ASN_A_145,ASN_A_307
ASP_A_63,ASP_A_216
LEU_B_190,LEU_B_168
SER_B_285,SER_B_272
TYR_B_253,TYR_B_240
ASN_B_240,ASN_B_218
LEU_A_97,LEU_A_259
PHE_B_243,PHE_B_221
PRO_B_225,PRO_B_203
LEU_B_343,LEU_B_330
ASP_B_232,ASP_B_210
ARG_A_44,ARG_A_197
TYR_A_152,TYR_A_314
ALA_A_108,ALA_A_270
SER_B_334,SER_B_321
ASN_A_35,ASN_A_188
ALA_B_290,ALA_B_277
LEU_A_51,LEU_A_204
TYR_A_46,TYR_A_199
CYS_A_95,CYS_A_257
ASP_B_227,ASP_B_205
ARG_A_91,ARG_A_253
SER_A_9,SER_A_162
LEU_B_220,LEU_B_198
ARG_B_294,ARG_B_281
ARG_A_38,ARG_A_191
SER_B_217,SER_B_195
LEU_B_303,LEU_B_290
LEU_A_59,LEU_A_212
PHE_B_282,PHE_B_269
TYR_B_221,TYR_B_199
PRO_B_248,PRO_B_226
GLY_B_264,GLY_B_251
ALA_A_126,ALA_A_288
GLU_A_124,GLU_A_286
GLN_A_153,GLN_A_315
VAL_B_252,VAL_B_239
LEU_B_281,LEU_B_268
ASN_A_88,ASN_A_250
ARG_B_191,ARG_B_169
PHE_A_129,PHE_A_291
HIS_B_345,HIS_B_332
ARG_A_122,ARG_A_284
THR_B_269,THR_B_256
PHE_B_292,PHE_B_279
LEU_A_128,LEU_A_290
GLU_A_87,GLU_A_249
ALA_B_267,ALA_B_254
GLU_B_317,GLU_B_304
TRP_A_8,TRP_A_161
MET_B_284,MET_B_271
PRO_B_231,PRO_B_209
LEU_A_19,LEU_A_172
TYR_A_99,TYR_A_261
LEU_B_260,LEU_B_247
ASN_B_233,ASN_B_211
ASN_B_210,ASN_B_188
